Model,Accuracy,Precision,Recall,F1Score,ROCAUC
Logistic Regression,0.7551020408163265,0.3655913978494624,0.723404255319149,0.4857142857142857,0.7929192867602722
Random Forest,0.8333333333333334,0.475,0.40425531914893614,0.4367816091954023,0.7955034886725816
XGBoost,0.8571428571428571,0.6470588235294118,0.23404255319148937,0.34375,0.7804289775174433
